Name,FileName,StartFrame,EndFrame,FaceFreezeFrame,Speed,TransitionInMs,TransitionOutMs,AutoFadeMs,Looping,Priority
string,string,int,int,int,int,int,int,int,boolean,string
,,,,,,,,,,
,,,,,,,,,,
,,,,,,,,,,
,,,,,,,,,,
ShotgunGirlElectronictoyIdle,shelly_electronictoy_idle.glb,,39,,,100,100,,TRUE,
ShotgunGirlElectronictoyWalk,shelly_electronictoy_walk.glb,1,30,,,100,100,,TRUE,1
ShotgunGirlElectronictoyPrimary,shelly_electronictoy_attack.glb,1,5,,,,,,,hips_s#3+L_upperLeg_s#0+R_upperLeg_s#0
ShotgunGirlElectronictoySecondary,shelly_electronictoy_attack.glb,1,5,,,,,,,hips_s#4+L_upperLeg_s#0+R_upperLeg_s#0
ShotgunGirlElectronictoyRecoil,shelly_electronictoy_attack.glb,6,20,,,,,100,,hips_s#4+L_upperLeg_s#0+R_upperLeg_s#0
ShotgunGirlElectronictoyReload,shelly_electronictoy_reload.glb,1,30,,70,80,,100,,hips_s#0+L_upperLeg_s#0+R_upperLeg_s#0+R_clavicle_s#4+R_shoulder_s#4+R_elbow_s#4+R_forearm_twist_s#4+R_wrist_s#4+L_clavicle_s#4+L_shoulder_s#4+L_elbow_s#4+L_forearm_twist_s#4+L_wrist_s#4
ShotgunGirlElectronictoyPushback,shelly_electronictoy_pushback.glb,,39,,,100,100,100,,5
ShotgunGirlElectronictoyWin,shelly_electronictoy_win.glb,1,174,,,,,,,5
ShotgunGirlElectronictoyWinloop,shelly_electronictoy_win.glb,175,219,,,,,,TRUE,1
ShotgunGirlElectronictoyLose,shelly_electronictoy_lose.glb,,135,,,,,,,5
ShotgunGirlElectronictoyLoseloop,shelly_electronictoy_lose.glb,136,214,,,,,,TRUE,1
ShotgunGirlElectronictoyProfile,shelly_electronictoy_profile_cam.glb,174,174,,,,,,,
ShotgunGirlElectronictoyShow,shelly_electronictoy_show.glb,,305,,,,,,,
ShotgunGirlElectronictoyShowloop,shelly_electronictoy_show.glb,306,349,,,,,,TRUE,